{"cameraMode":{"drawMode":2,"name":"Shaded Wireframe","section":"Shading Mode"},"sceneLighting":true,"audioPlay":false,"sceneViewState":{"showFog":true,"showMaterialUpdate":false,"showSkybox":true,"showFlares":true,"showImageEffects":true,"showParticleSystems":true},"in2DMode":false,"pivot":{"x":1.162096619606018,"y":0.0960594192147255,"z":-0.7934674024581909},"rotation":{"x":-0.2944466471672058,"y":0.6357361674308777,"z":-0.2864297926425934,"w":-0.6535306572914124},"size":4.903937816619873,"orthographic":false}