{"cameraMode":{"drawMode":2,"name":"Shaded Wireframe","section":"Shading Mode"},"sceneLighting":true,"audioPlay":false,"sceneViewState":{"showFog":true,"showMaterialUpdate":false,"showSkybox":true,"showFlares":true,"showImageEffects":true,"showParticleSystems":true},"in2DMode":false,"pivot":{"x":1.2801287174224854,"y":-0.2160038948059082,"z":-1.8834495544433594},"rotation":{"x":-0.0008642711909487844,"y":0.9785794019699097,"z":-0.20582610368728639,"w":-0.004109193570911884},"size":10.81061840057373,"orthographic":false}