{"cameraMode":{"drawMode":2,"name":"Shaded Wireframe","section":"Shading Mode"},"sceneLighting":true,"audioPlay":false,"sceneViewState":{"showFog":true,"showMaterialUpdate":false,"showSkybox":true,"showFlares":true,"showImageEffects":true,"showParticleSystems":true},"in2DMode":false,"pivot":{"x":-4.3321123123168949,"y":-3.2903451919555666,"z":-0.49352145195007326},"rotation":{"x":-0.22967424988746644,"y":0.672984778881073,"z":-0.2330056130886078,"w":-0.6633637547492981},"size":8.220519065856934,"orthographic":false}